,Crypto,Profit,Volatility,Volume,Volume Percent Deviation,,,,,,,,
115,WBTC-USD,-0.048435909,0.029307595,0.042616641,5.01109302,,,,WBTC-USD,-0.048435909,0.029307595,0.042616641,5.01109302
120,YFI-USD,1.337328136,0.069902066,0.364423919,2.582770782,,,,YFI-USD,1.337328136,0.069902066,0.364423919,2.582770782
78,MONA-USD,-1.809020968,0.050625943,1.730977181,1.885961495,,,,MONA-USD,-1.809020968,0.050625943,1.730977181,1.885961495
28,CBETH-USD,0.376960246,0.046270653,2.705762715,3.436501374,,,,CBETH-USD,0.376960246,0.046270653,2.705762715,3.436501374
39,EGLD-USD,0.061826073,0.059994797,12.0502472,2.989343348,,,,EGLD-USD,0.061826073,0.059994797,12.0502472,2.989343348
61,ILV-USD,0.49779585,0.079139024,13.20806189,1.997172295,,,,ILV-USD,0.49779585,0.079139024,13.20806189,1.997172295
65,INV-USD,-2.052069596,0.069117638,15.94800967,2.204080512,,,,INV-USD,-2.052069596,0.069117638,15.94800967,2.204080512
20,BCH-USD,0.703372336,0.036106691,16.6724383,2.390832574,,,,BCH-USD,0.703372336,0.036106691,16.6724383,2.390832574
77,METIS-USD,-0.008312997,0.045472594,22.98542335,2.388488543,,,,METIS-USD,-0.008312997,0.045472594,22.98542335,2.388488543
4,ALCX-USD,-0.484270586,0.055469204,24.99783231,2.331125277,,,,ALCX-USD,-0.484270586,0.055469204,24.99783231,2.331125277
30,COMP-USD,0.975757883,0.038643413,25.59206327,3.153955098,,,,COMP-USD,0.975757883,0.038643413,25.59206327,3.153955098
80,MSOL-USD,-1.004645746,0.064733322,26.73257657,1.654933017,,,,MSOL-USD,-1.004645746,0.064733322,26.73257657,1.654933017
121,ZEN-USD,0.443335985,0.070550516,32.35222601,2.375988977,,,,ZEN-USD,0.443335985,0.070550516,32.35222601,2.375988977
101,RPL-USD,-0.060458319,0.104252228,39.40148366,1.891319061,,,,RPL-USD,-0.060458319,0.104252228,39.40148366,1.891319061
44,FARM-USD,1.579532192,0.084232222,40.69118066,2.144745603,,,,FARM-USD,1.579532192,0.084232222,40.69118066,2.144745603
76,MEDIA-USD,-7.433776785,0.181622319,51.8485956,1.922294049,,,,MEDIA-USD,-7.433776785,0.181622319,51.8485956,1.922294049
12,AUCTION-USD,0.169329861,0.061357921,59.71433461,2.867447071,,,,AUCTION-USD,0.169329861,0.061357921,59.71433461,2.867447071
87,PLU-USD,-0.914066212,0.027863182,61.60134021,2.687264295,,,,PLU-USD,-0.914066212,0.027863182,61.60134021,2.687264295
95,RAI-USD,-0.144822507,0.005676471,67.63478182,7.799479495,,,,RAI-USD,-0.144822507,0.005676471,67.63478182,7.799479495
42,ETC-USD,0.482669421,0.060834916,98.67842652,3.211136428,,,,ETC-USD,0.482669421,0.060834916,98.67842652,3.211136428
112,TRB-USD,1.015070176,0.092956197,101.6159014,2.402609437,,,,TRB-USD,1.015070176,0.092956197,101.6159014,2.402609437
98,REP-USD,-0.523073825,0.079849153,115.845611,2.723186587,,,,REP-USD,-0.523073825,0.079849153,115.845611,2.723186587
18,BAL-USD,0.648222429,0.057826572,125.6947742,3.08633768,,,,BAL-USD,0.648222429,0.057826572,125.6947742,3.08633768
82,NMR-USD,2.058492569,0.143030407,145.2973386,2.047702804,,,,NMR-USD,2.058492569,0.143030407,145.2973386,2.047702804
16,AXS-USD,0.823058377,0.108801182,154.1190608,2.852136809,,,,AXS-USD,0.823058377,0.108801182,154.1190608,2.852136809
17,BADGER-USD,0.084217052,0.044496773,172.9477564,3.13929277,,,,BADGER-USD,0.084217052,0.044496773,172.9477564,3.13929277
93,PYR-USD,0.085773567,0.032959593,196.4421764,2.473082941,,,,PYR-USD,0.085773567,0.032959593,196.4421764,2.473082941
79,MPL-USD,-1.516692448,0.290841716,198.0651152,2.826840054,,,,MPL-USD,-1.516692448,0.290841716,198.0651152,2.826840054
43,ETH-USD,1.010048061,0.043849466,222.9603598,1.395257377,,,,ETH-USD,1.010048061,0.043849466,222.9603598,1.395257377
25,BOND-USD,-0.36332176,0.044455972,277.1598895,2.413906944,,,,BOND-USD,-0.36332176,0.044455972,277.1598895,2.413906944
97,RARI-USD,-2.167677182,0.08490395,304.8404648,2.319882175,,,,RARI-USD,-2.167677182,0.08490395,304.8404648,2.319882175
15,AVT-USD,-1.341833431,0.050005363,310.0015646,2.457005734,,,,AVT-USD,-1.341833431,0.050005363,310.0015646,2.457005734
32,CTX-USD,-0.84185011,0.131949099,340.5406029,2.247733256,,,,CTX-USD,-0.84185011,0.131949099,340.5406029,2.247733256
40,ELA-USD,-0.542977869,0.079957106,356.1969107,2.905876621,,,,ELA-USD,-0.542977869,0.079957106,356.1969107,2.905876621
63,INDEX-USD,-1.56395643,0.050743236,358.3315633,1.980399674,,,,INDEX-USD,-1.56395643,0.050743236,358.3315633,1.980399674
14,AVAX-USD,0.543037859,0.047572816,395.5297288,2.781419471,,,,AVAX-USD,0.543037859,0.047572816,395.5297288,2.781419471
9,API3-USD,0.512538051,0.066751336,538.7326275,3.245317109,,,,API3-USD,0.512538051,0.066751336,538.7326275,3.245317109
26,BTRST-USD,1.261400092,0.110642545,539.7606081,3.384578927,,,,BTRST-USD,1.261400092,0.110642545,539.7606081,3.384578927
64,INJ-USD,0.437554464,0.05144525,540.3997794,2.726850212,,,,INJ-USD,0.437554464,0.05144525,540.3997794,2.726850212
37,DOT-USD,0.862884668,0.045233293,644.323224,2.215334165,,,,DOT-USD,0.862884668,0.045233293,644.323224,2.215334165
86,PAX-USD,-0.151807318,0.002056839,658.6398092,6.998346666,,,,PAX-USD,-0.151807318,0.002056839,658.6398092,6.998346666
52,GAL-USD,0.750573035,0.081948264,663.2167534,2.492225846,,,,GAL-USD,0.750573035,0.081948264,663.2167534,2.492225846
60,ICP-USD,1.276566628,0.062698641,717.8979997,3.017525142,,,,ICP-USD,1.276566628,0.062698641,717.8979997,3.017525142
102,SAND-USD,0.834749123,0.063269195,726.535303,4.477623111,,,,SAND-USD,0.834749123,0.063269195,726.535303,4.477623111
59,HIGH-USD,0.55891117,0.063672867,931.9730591,1.928436984,,,,HIGH-USD,0.55891117,0.063672867,931.9730591,1.928436984
54,GFI-USD,-0.614507357,0.062261408,943.12649,2.465788684,,,,GFI-USD,-0.614507357,0.062261408,943.12649,2.465788684
55,GLM-USD,0.055413483,0.04491577,964.0906327,2.364445492,,,,GLM-USD,0.055413483,0.04491577,964.0906327,2.364445492
47,FIL-USD,1.345086107,0.105991944,1006.629778,2.78910025,,,,FIL-USD,1.345086107,0.105991944,1006.629778,2.78910025
118,XTZ-USD,-1.43100608,0.049786477,1041.299046,3.977228648,,,,XTZ-USD,-1.43100608,0.049786477,1041.299046,3.977228648
73,MASK-USD,0.722347469,0.154854827,1101.397568,2.281547645,,,,MASK-USD,0.722347469,0.154854827,1101.397568,2.281547645
38,DREP-USD,-3.67701759,0.077747529,1125.985868,1.63752218,,,,DREP-USD,-3.67701759,0.077747529,1125.985868,1.63752218
22,BIT-USD,0.292722122,0.058199606,1149.615349,1.694612074,,,,BIT-USD,0.292722122,0.058199606,1149.615349,1.694612074
27,BUSD-USD,-1.249406986,0.000730835,1155.852832,8.272269743,,,,BUSD-USD,-1.249406986,0.000730835,1155.852832,8.272269743
8,APE-USD,1.896946955,0.099776442,1391.023427,2.809506354,,,,APE-USD,1.896946955,0.099776442,1391.023427,2.809506354
13,AURORA-USD,-1.543459897,0.143602644,1399.064161,2.849023234,,,,AURORA-USD,-1.543459897,0.143602644,1399.064161,2.849023234
68,KNC-USD,0.924644531,0.072811702,1467.260432,2.922459098,,,,KNC-USD,0.924644531,0.072811702,1467.260432,2.922459098
34,DDX-USD,-2.827243323,0.092524782,1583.662668,1.988483413,,,,DDX-USD,-2.827243323,0.092524782,1583.662668,1.988483413
48,FIS-USD,-0.268047841,0.082034399,1598.632186,3.755246325,,,,FIS-USD,-0.268047841,0.082034399,1598.632186,3.755246325
69,KRL-USD,-0.784182847,0.040685378,1608.765372,2.773955476,,,,KRL-USD,-0.784182847,0.040685378,1608.765372,2.773955476
49,FLOW-USD,0.191065643,0.109524959,1667.926439,1.933803885,,,,FLOW-USD,0.191065643,0.109524959,1667.926439,1.933803885
91,POWR-USD,0.365317991,0.048385191,1780.409731,2.603353897,,,,POWR-USD,0.365317991,0.048385191,1780.409731,2.603353897
85,OP-USD,1.413538531,0.089975631,1888.503617,2.859452668,,,,OP-USD,1.413538531,0.089975631,1888.503617,2.859452668
62,IMX-USD,0.602291874,0.063544319,1938.631402,2.638243952,,,,IMX-USD,0.602291874,0.063544319,1938.631402,2.638243952
100,RNDR-USD,1.716133193,0.063032251,1981.440065,2.762300803,,,,RNDR-USD,1.716133193,0.063032251,1981.440065,2.762300803
108,SUSHI-USD,1.759956257,0.098217777,2003.721169,2.259979967,,,,SUSHI-USD,1.759956257,0.098217777,2003.721169,2.259979967
41,EOS-USD,0.89080629,0.053815489,2127.612537,1.85584978,,,,EOS-USD,0.89080629,0.053815489,2127.612537,1.85584978
24,BOBA-USD,-0.604963069,0.036685476,2303.546917,2.711642091,,,,BOBA-USD,-0.604963069,0.036685476,2303.546917,2.711642091
3,AGLD-USD,1.008622784,0.115457182,2331.299264,1.922769219,,,,AGLD-USD,1.008622784,0.115457182,2331.299264,1.922769219
106,STORJ-USD,0.554701792,0.058029516,2454.147433,2.463712176,,,,STORJ-USD,0.554701792,0.058029516,2454.147433,2.463712176
51,FX-USD,-0.299832156,0.038956613,2484.840546,3.250395553,,,,FX-USD,-0.299832156,0.038956613,2484.840546,3.250395553
19,BAT-USD,0.457573998,0.055217316,2507.460349,4.944803512,,,,BAT-USD,0.457573998,0.055217316,2507.460349,4.944803512
70,LOKA-USD,1.731136807,0.130918412,2718.191007,1.866938849,,,,LOKA-USD,1.731136807,0.130918412,2718.191007,1.866938849
0,1INCH-USD,0.023148604,0.096557918,2916.164695,5.831608999,,,,1INCH-USD,0.023148604,0.096557918,2916.164695,5.831608999
21,BICO-USD,0.566078517,0.06057839,2978.323185,2.435300189,,,,BICO-USD,0.566078517,0.06057839,2978.323185,2.435300189
116,XCN-USD,-7.218187376,0.140057341,3046.722495,5.132038532,,,,XCN-USD,-7.218187376,0.140057341,3046.722495,5.132038532
89,POLY-USD,-3.747730937,0.084577912,3269.35028,3.402409903,,,,POLY-USD,-3.747730937,0.084577912,3269.35028,3.402409903
35,DEXT-USD,-2.134193244,0.111478667,3398.745458,3.148934729,,,,DEXT-USD,-2.134193244,0.111478667,3398.745458,3.148934729
11,ATA-USD,0.568826897,0.062885551,3402.699205,2.930439498,,,,ATA-USD,0.568826897,0.062885551,3402.699205,2.930439498
72,MANA-USD,0.947920699,0.058864162,3403.598012,3.066364716,,,,MANA-USD,0.947920699,0.058864162,3403.598012,3.066364716
58,HFT-USD,3.151170165,0.118352608,3631.662492,3.069421409,,,,HFT-USD,3.151170165,0.118352608,3631.662492,3.069421409
92,PRQ-USD,0.74625513,0.045549265,3825.097012,2.85792378,,,,PRQ-USD,0.74625513,0.045549265,3825.097012,2.85792378
96,RARE-USD,0.261397926,0.103806712,4222.213006,2.567168125,,,,RARE-USD,0.261397926,0.103806712,4222.213006,2.567168125
33,DAR-USD,0.02011227,0.097696716,4563.154745,2.313257451,,,,DAR-USD,0.02011227,0.097696716,4563.154745,2.313257451
2,AERGO-USD,0.497632187,0.059307287,4686.860573,2.444265673,,,,AERGO-USD,0.497632187,0.059307287,4686.860573,2.444265673
23,BLZ-USD,0.578123682,0.059639568,5637.596991,2.819216498,,,,,-0.086559466,,,
83,OGN-USD,0.5778328,0.054901097,5755.279361,2.211561233,,,,,,,,
5,ALEPH-USD,-3.02939192,0.103705292,5862.429656,2.677596009,,,,,,,,
107,SUPER-USD,1.064754173,0.078244226,6297.870282,2.478095636,,,,,,,,
50,FOX-USD,-3.030978503,0.044892505,6788.144561,2.540969788,,,,,,,,
46,FIDA-USD,1.320561607,0.24877914,7207.047827,1.876543902,,,,,,,,
88,PNG-USD,-3.38495954,0.063816978,12213.03716,2.377195771,,,,,,,,
10,ARPA-USD,0.009580156,0.043725388,12302.30047,2.777148572,,,,,,,,
99,REQ-USD,0.861561334,0.040474557,13259.63513,2.558306683,,,,,,,,
113,TRU-USD,0.346227646,0.097118969,15398.68582,2.974763644,,,,,,,,
75,MDT-USD,0.982362892,0.069090602,18428.07502,2.545489002,,,,,,,,
56,GRT-USD,-1.412642664,0.065422503,18947.24707,4.109375055,,,,,,,,
71,LOOM-USD,0.171476134,0.063159441,21689.5808,2.635849808,,,,,,,,
105,SKL-USD,-2.484054099,0.067128894,21829.45933,2.685619696,,,,,,,,
29,CHZ-USD,1.057437355,0.158023723,22682.09188,2.795313658,,,,,,,,
6,ALGO-USD,0.869494166,0.086653152,22763.71769,6.828280164,,,,,,,,
74,MATIC-USD,1.379663387,0.048741443,23598.12649,2.331194346,,,,,,,,
45,FET-USD,3.119901036,0.228595688,25998.39793,2.398418399,,,,,,,,
111,TONE-USD,-2.297363426,0.065703263,31137.56739,2.288671298,,,,,,,,
1,ADA-USD,0.603593794,0.049756725,32789.43723,2.172098162,,,,,,,,
7,ANKR-USD,0.239845324,0.062299331,38141.3149,2.987804165,,,,,,,,
114,USDT-USD,-0.02050736,0.00049276,38466.35064,2.165472627,,,,,,,,
90,POND-USD,-0.040140777,0.05361707,39632.90339,1.947763358,,,,,,,,
117,XLM-USD,0.713457816,0.046419456,39901.78984,2.431329168,,,,,,,,
104,SHPING-USD,-6.261258532,0.075602444,46304.28797,3.35142849,,,,,,,,
31,COVAL-USD,-2.933114534,0.083014074,75903.71397,2.482104935,,,,,,,,
119,XYO-USD,-3.050781631,0.060477161,83909.30072,3.075838754,,,,,,,,
81,NCT-USD,1.559205931,0.06502127,83914.69103,2.340102877,,,,,,,,
57,GYEN-USD,-0.394648279,0.013592203,94185.77624,3.900233145,,,,,,,,
94,QI-USD,-2.933029681,0.119369312,145959.2988,2.60940813,,,,,,,,
84,OOKI-USD,-0.763021094,0.076284886,146218.3119,2.392007597,,,,,,,,
110,SYLO-USD,-6.455785246,0.062554248,154704.6876,2.705636456,,,,,,,,
53,GALA-USD,1.317049538,0.067439572,155871.1858,2.003329035,,,,,,,,
67,JUP-USD,-2.13588783,0.21149336,216739.6572,2.284132509,,,,,,,,
109,SWFTC-USD,-2.846369391,0.038000908,328592.6145,3.593192003,,,,,,,,
36,DOGE-USD,2.552821995,0.103542085,344263.3119,1.794724903,,,,,,,,
66,JASMY-USD,-2.804139971,0.08028222,546116.3572,2.934611213,,,,,,,,
103,SHIB-USD,-1.528245625,0.034873824,855792680.9,2.611121092,,,,,,,,
,,-0.293052168,,,,,,,,,,,
